"","labels","phrase","K"
"1",1990,"a clear trend",44
"2",1990,"a decreasing trend",7
"3",1990,"a definite trend",10
"4",1990,"a favorable trend",15
"5",1990,"a marginal trend",2
"6",1990,"a marked trend",1
"7",1990,"a near-significant trend",2
"8",1990,"a negative trend",6
"9",1990,"a nonsignificant trend",78
"10",1990,"a notable trend",3
"11",1990,"a numerical trend",1
"12",1990,"a positive trend",19
"13",1990,"a significant trend",32
"14",1990,"a slight trend",40
"15",1990,"a small trend",8
"16",1990,"a statistical trend",4
"17",1990,"a strong trend",37
"18",1990,"a suggestive trend",3
"19",1990,"a trend close to significance",2
"20",1990,"a weak trend",8
"21",1990,"all but significant",336
"22",1990,"almost insignificant",2
"23",1990,"almost reached statistical significance",4
"24",1990,"almost significant",31
"25",1990,"almost statistically significant",10
"26",1990,"an adverse trend",1
"27",1990,"an apparent trend",7
"28",1990,"an encouraging trend",2
"29",1990,"an important trend",1
"30",1990,"an increasing trend",13
"31",1990,"an interesting trend",5
"32",1990,"an obvious trend",3
"33",1990,"an overall trend",15
"34",1990,"an unexpected trend",3
"35",1990,"an unexplained trend",1
"36",1990,"an unfavorable trend",1
"37",1990,"approaches statistical significance",5
"38",1990,"approaching conventional statistical significance",1
"39",1990,"approaching significance",18
"40",1990,"at the limit of significance",2
"41",1990,"at the verge of significance",1
"42",1990,"barely missed statistical significance",1
"43",1990,"barely significant",5
"44",1990,"bordered on significant",1
"45",1990,"close to being significant",2
"46",1990,"close to the level of significance",1
"47",1990,"did not quite achieve significance",1
"48",1990,"did not quite reach statistical significance",30
"49",1990,"difference was apparent",22
"50",1990,"failed to reach statistical significance",100
"51",1990,"fairly significant",2
"52",1990,"fell just short of significance",1
"53",1990,"fell just short of statistical significance",5
"54",1990,"fell short of significance",2
"55",1990,"just failed to reach statistical significance",20
"56",1990,"just fails to reach conventional levels of statistical significance",1
"57",1990,"just missed being statistically significant",1
"58",1990,"just short of significance",3
"59",1990,"likely to be significant",12
"60",1990,"marginal significance",21
"61",1990,"marginally nonsignificant",1
"62",1990,"marginally significant",170
"63",1990,"marginally statistically significant",8
"64",1990,"moderately significant",3
"65",1990,"modestly significant",3
"66",1990,"near significance",8
"67",1990,"near to statistical significance",1
"68",1990,"near-significant",21
"69",1990,"nearly significant",55
"70",1990,"nominally significant",7
"71",1990,"not as significant",8
"72",1990,"not clearly significant",1
"73",1990,"not conventionally significant",3
"74",1990,"not fully significant",2
"75",1990,"not quite reach the level of significance",1
"76",1990,"not quite significant",19
"77",1990,"not yet significant",4
"78",1990,"on the borderline of significance",4
"79",1990,"only marginally significant",26
"80",1990,"partial significance",1
"81",1990,"partially significant",2
"82",1990,"partly significant",1
"83",1990,"possible significance",13
"84",1990,"possibly significant",4
"85",1990,"possibly statistically significant",2
"86",1990,"potentially significant",18
"87",1990,"practically significant",2
"88",1990,"probably not significant",10
"89",1990,"probably significant",6
"90",1990,"quite significant",30
"91",1990,"reached borderline significance",4
"92",1990,"scarcely significant",1
"93",1990,"significant tendency",42
"94",1990,"significantly significant",3
"95",1990,"slight significance",1
"96",1990,"slightly insignificant",1
"97",1990,"slightly significant",5
"98",1990,"tended to be significant",3
"99",1990,"tended toward significance",2
"100",1990,"tendency toward significance",1
"101",1990,"uncertain significance",7
"102",1990,"virtually significant",1
"103",1990,"weak significance",2
"104",1990,"weakly significant",2
"105",1993,"a clear trend",59
"106",1993,"a decreasing trend",24
"107",1993,"a definite trend",13
"108",1993,"a favorable trend",12
"109",1993,"a favourable statistical trend",1
"110",1993,"a little significant",1
"111",1993,"a marginal trend",2
"112",1993,"a marked trend",3
"113",1993,"a mild trend",4
"114",1993,"a near-significant trend",1
"115",1993,"a negative trend",6
"116",1993,"a nonsignificant trend",108
"117",1993,"a notable trend",1
"118",1993,"a numerical trend",2
"119",1993,"a positive trend",37
"120",1993,"a possible trend",11
"121",1993,"a pronounced trend",1
"122",1993,"a significant trend",52
"123",1993,"a slight trend",51
"124",1993,"a small trend",9
"125",1993,"a statistical trend",21
"126",1993,"a strong trend",46
"127",1993,"a strong trend toward significance",1
"128",1993,"a suggestive trend",1
"129",1993,"a weak trend",17
"130",1993,"all but significant",421
"131",1993,"almost achieved significance",2
"132",1993,"almost attained significance",1
"133",1993,"almost reached statistical significance",14
"134",1993,"almost significant",63
"135",1993,"almost statistically significant",7
"136",1993,"an apparent trend",7
"137",1993,"an encouraging trend",6
"138",1993,"an important trend",2
"139",1993,"an increasing trend",32
"140",1993,"an interesting trend",5
"141",1993,"an observed trend",2
"142",1993,"an obvious trend",1
"143",1993,"an overall trend",14
"144",1993,"an unfavorable trend",1
"145",1993,"approached conventional levels of significance",2
"146",1993,"approached significant",4
"147",1993,"approaches statistical significance",8
"148",1993,"approaching conventional significance levels",1
"149",1993,"approaching significance",28
"150",1993,"at the limit of significance",6
"151",1993,"barely missed statistical significance",1
"152",1993,"barely significant",11
"153",1993,"bordered on significant",1
"154",1993,"close to being significant",4
"155",1993,"close to the limit of significance",1
"156",1993,"closely not significant",1
"157",1993,"did not quite achieve significance",1
"158",1993,"did not quite reach conventional levels of statistical significance",2
"159",1993,"did not quite reach statistical significance",27
"160",1993,"difference was apparent",41
"161",1993,"failed to reach statistical significance",195
"162",1993,"fairly significant",7
"163",1993,"fell just short of significance",3
"164",1993,"fell just short of statistical significance",6
"165",1993,"fell short of significance",9
"166",1993,"just failed significance",2
"167",1993,"just failed to be significant",1
"168",1993,"just failed to reach statistical significance",47
"169",1993,"just failing to reach statistical significance",1
"170",1993,"just marginally significant",1
"171",1993,"just short of significance",4
"172",1993,"likely to be significant",23
"173",1993,"marginal significance",36
"174",1993,"marginally insignificant",1
"175",1993,"marginally nonsignificant",4
"176",1993,"marginally significant",274
"177",1993,"marginally significant tendency",1
"178",1993,"marginally statistically significant",11
"179",1993,"moderately significant",8
"180",1993,"narrowly missed significance",1
"181",1993,"near significance",8
"182",1993,"near-significant",20
"183",1993,"nearly reached a significant level",2
"184",1993,"nearly significant",82
"185",1993,"nominally significant",12
"186",1993,"not as significant",11
"187",1993,"not conventionally significant",2
"188",1993,"not highly significant",3
"189",1993,"not quite reach the level of significance",1
"190",1993,"not quite significant",17
"191",1993,"not very significant",2
"192",1993,"not yet significant",5
"193",1993,"on the borderline of significance",1
"194",1993,"only marginally significant",51
"195",1993,"possible significance",32
"196",1993,"possibly significant",4
"197",1993,"potentially significant",44
"198",1993,"practically significant",5
"199",1993,"probably not significant",3
"200",1993,"probably significant",6
"201",1993,"quite significant",29
"202",1993,"reached borderline significance",10
"203",1993,"reached near significance",1
"204",1993,"scarcely significant",1
"205",1993,"significant tendency",71
"206",1993,"significantly significant",4
"207",1993,"slight significance",2
"208",1993,"slightly insignificant",1
"209",1993,"slightly not significant",1
"210",1993,"slightly significant",7
"211",1993,"strong trend toward significance",2
"212",1993,"suggestively significant",1
"213",1993,"tended to be significant",8
"214",1993,"tended toward significance",2
"215",1993,"tendency toward significance",2
"216",1993,"trend in the direction of significance",1
"217",1993,"uncertain significance",11
"218",1993,"very close to significant",1
"219",1993,"very nearly significant",1
"220",1993,"weak significance",2
"221",1993,"weakly significant",12
"222",1996,"a clear trend",57
"223",1996,"a decreasing trend",39
"224",1996,"a definite trend",16
"225",1996,"a favorable trend",17
"226",1996,"a marginal trend",3
"227",1996,"a marked trend",9
"228",1996,"a mild trend",1
"229",1996,"a near-significant trend",1
"230",1996,"a negative trend",11
"231",1996,"a nonsignificant trend",191
"232",1996,"a nonsignificant trend toward significance",1
"233",1996,"a notable trend",1
"234",1996,"a numerical trend",8
"235",1996,"a positive trend",41
"236",1996,"a possible trend",12
"237",1996,"a pronounced trend",2
"238",1996,"a reliable trend",4
"239",1996,"a significant trend",70
"240",1996,"a slight trend",76
"241",1996,"a slightly increasing trend",1
"242",1996,"a small trend",11
"243",1996,"a statistical trend",34
"244",1996,"a statistical trend toward significance",1
"245",1996,"a strong trend",98
"246",1996,"a strong trend toward significance",1
"247",1996,"a suggestive trend",4
"248",1996,"a trend that approached significance",2
"249",1996,"a weak trend",19
"250",1996,"all but significant",504
"251",1996,"almost approached significance",1
"252",1996,"almost attained significance",2
"253",1996,"almost reached statistical significance",19
"254",1996,"almost significant",60
"255",1996,"almost significant tendency",1
"256",1996,"almost statistically significant",7
"257",1996,"an apparent trend",6
"258",1996,"an encouraging trend",2
"259",1996,"an established trend",1
"260",1996,"an evident trend",2
"261",1996,"an expected trend",1
"262",1996,"an important trend",3
"263",1996,"an increasing trend",41
"264",1996,"an interesting trend",4
"265",1996,"an observed trend",1
"266",1996,"an obvious trend",3
"267",1996,"an overall trend",29
"268",1996,"an unexpected trend",3
"269",1996,"an unfavorable trend",2
"270",1996,"approached significant",3
"271",1996,"approaches statistical significance",9
"272",1996,"approaching significance",45
"273",1996,"at the edge of significance",1
"274",1996,"at the limit of significance",3
"275",1996,"barely escaped statistical significance",1
"276",1996,"barely missed statistical significance",2
"277",1996,"barely significant",12
"278",1996,"bordered on being statistically significant",1
"279",1996,"borderline significant trends",1
"280",1996,"close to being significant",9
"281",1996,"close to the level of significance",1
"282",1996,"close to the limit of significance",1
"283",1996,"did not quite achieve significance",3
"284",1996,"did not quite reach statistical significance",38
"285",1996,"difference was apparent",42
"286",1996,"failed to reach statistical significance",202
"287",1996,"fairly significant",3
"288",1996,"fell barely short of significance",1
"289",1996,"fell just short of significance",2
"290",1996,"fell just short of statistical significance",3
"291",1996,"fell only marginally short of significance",1
"292",1996,"fell short of significance",11
"293",1996,"just escaped significance",1
"294",1996,"just failed significance",1
"295",1996,"just failed to be significant",3
"296",1996,"just failed to reach statistical significance",31
"297",1996,"just failing to reach statistical significance",1
"298",1996,"just missing significance",1
"299",1996,"just short of significance",6
"300",1996,"likely to be significant",34
"301",1996,"marginal significance",54
"302",1996,"marginally insignificant",5
"303",1996,"marginally nonsignificant",4
"304",1996,"marginally significant",463
"305",1996,"marginally significant tendency",5
"306",1996,"marginally statistically significant",17
"307",1996,"moderately significant",8
"308",1996,"modestly significant",6
"309",1996,"narrowly missed significance",2
"310",1996,"near significance",9
"311",1996,"near to statistical significance",1
"312",1996,"near-significant",40
"313",1996,"nearly significant",128
"314",1996,"nearly significant tendency",1
"315",1996,"nominally significant",16
"316",1996,"not as significant",20
"317",1996,"not clearly significant",1
"318",1996,"not conventionally significant",4
"319",1996,"not fully significant",1
"320",1996,"not highly significant",2
"321",1996,"not markedly significant",1
"322",1996,"not quite reach the level of significance",1
"323",1996,"not quite significant",28
"324",1996,"not significant by conventional standards",1
"325",1996,"not strongly significant",1
"326",1996,"not very significant",2
"327",1996,"not yet significant",3
"328",1996,"on the border of significance",1
"329",1996,"on the borderline of significance",3
"330",1996,"on the verge of significance",1
"331",1996,"only marginally significant",57
"332",1996,"only slightly significant",2
"333",1996,"partially significant",1
"334",1996,"partly significant",2
"335",1996,"possible significance",44
"336",1996,"possibly significant",11
"337",1996,"potentially significant",57
"338",1996,"practically significant",5
"339",1996,"probably not significant",8
"340",1996,"probably significant",7
"341",1996,"quite significant",45
"342",1996,"reached borderline significance",8
"343",1996,"significant tendency",110
"344",1996,"significantly significant",9
"345",1996,"slight significance",1
"346",1996,"slightly significant",12
"347",1996,"somewhat significant",1
"348",1996,"strong trend toward significance",1
"349",1996,"suggestive of statistical significance",1
"350",1996,"tended to be significant",16
"351",1996,"tended toward significance",5
"352",1996,"tendency toward significance",1
"353",1996,"tendency toward statistical significance",3
"354",1996,"trending towards significance",1
"355",1996,"uncertain significance",20
"356",1996,"very close to significant",2
"357",1996,"very closely brushed the limit of statistical significance",1
"358",1996,"weak significance",1
"359",1996,"weakly significant",8
"360",1996,"weakly statistically significant",1
"361",1999,"a borderline significant trend",3
"362",1999,"a clear trend",114
"363",1999,"a decreasing trend",35
"364",1999,"a definite trend",19
"365",1999,"a favorable trend",20
"366",1999,"a marginal trend",11
"367",1999,"a marked trend",9
"368",1999,"a mild trend",3
"369",1999,"a near-significant trend",2
"370",1999,"a negative trend",20
"371",1999,"a nonsignificant trend",274
"372",1999,"a notable trend",6
"373",1999,"a numerical trend",9
"374",1999,"a positive trend",69
"375",1999,"a possible trend",15
"376",1999,"a pronounced trend",4
"377",1999,"a reliable trend",2
"378",1999,"a robust trend toward significance",1
"379",1999,"a significant trend",107
"380",1999,"a slight trend",103
"381",1999,"a small trend",15
"382",1999,"a statistical trend",50
"383",1999,"a strong trend",148
"384",1999,"a strong trend toward significance",2
"385",1999,"a suggestive trend",3
"386",1999,"a trend close to significance",1
"387",1999,"a weak trend",38
"388",1999,"all but significant",603
"389",1999,"almost achieved significance",2
"390",1999,"almost attained significance",1
"391",1999,"almost reached statistical significance",18
"392",1999,"almost significant",68
"393",1999,"almost statistically significant",8
"394",1999,"an adverse trend",1
"395",1999,"an apparent trend",13
"396",1999,"an elevated trend",1
"397",1999,"an encouraging trend",1
"398",1999,"an established trend",1
"399",1999,"an evident trend",1
"400",1999,"an expected trend",2
"401",1999,"an important trend",5
"402",1999,"an increasing trend",66
"403",1999,"an interesting trend",14
"404",1999,"an observed trend",2
"405",1999,"an obvious trend",12
"406",1999,"an overall trend",34
"407",1999,"an unexpected trend",2
"408",1999,"an unexplained trend",3
"409",1999,"an unfavorable trend",1
"410",1999,"appeared to be marginally significant",1
"411",1999,"approached conventional levels of significance",6
"412",1999,"approached our criterion of significance",1
"413",1999,"approached significant",4
"414",1999,"approaches statistical significance",8
"415",1999,"approaching significance",44
"416",1999,"at the limit of significance",8
"417",1999,"barely missed statistical significance",2
"418",1999,"barely significant",17
"419",1999,"close to being significant",2
"420",1999,"did not quite achieve significance",1
"421",1999,"did not quite reach statistical significance",44
"422",1999,"difference was apparent",40
"423",1999,"effectively significant",1
"424",1999,"equivocal significance",2
"425",1999,"failed to reach statistical significance",269
"426",1999,"fairly significant",4
"427",1999,"fell just short of significance",3
"428",1999,"fell just short of statistical significance",9
"429",1999,"fell narrowly short of significance",1
"430",1999,"fell short of significance",13
"431",1999,"just failed significance",2
"432",1999,"just failed to be significant",5
"433",1999,"just failed to reach statistical significance",31
"434",1999,"just failing to reach statistical significance",1
"435",1999,"just short of significance",9
"436",1999,"likely to be significant",34
"437",1999,"marginal significance",69
"438",1999,"marginally insignificant",2
"439",1999,"marginally nonsignificant",6
"440",1999,"marginally significant",527
"441",1999,"marginally significant tendency",2
"442",1999,"marginally statistically significant",23
"443",1999,"moderately significant",10
"444",1999,"modestly significant",2
"445",1999,"narrowly failed significance",1
"446",1999,"narrowly missed significance",1
"447",1999,"near significance",10
"448",1999,"near to statistical significance",1
"449",1999,"near-significant",28
"450",1999,"nearly significant",102
"451",1999,"nearly significant tendency",1
"452",1999,"nominally significant",23
"453",1999,"not as significant",16
"454",1999,"not clearly significant",1
"455",1999,"not conventionally significant",4
"456",1999,"not especially significant",1
"457",1999,"not highly significant",3
"458",1999,"not quite significant",27
"459",1999,"not strictly significant",1
"460",1999,"not strongly significant",1
"461",1999,"not that significant",1
"462",1999,"not very significant",4
"463",1999,"not yet significant",6
"464",1999,"on the borderline of significance",3
"465",1999,"on the margin of significance",1
"466",1999,"only marginally significant",92
"467",1999,"only slightly significant",3
"468",1999,"partial significance",2
"469",1999,"partially significant",2
"470",1999,"possible significance",38
"471",1999,"possibly significant",11
"472",1999,"potentially significant",67
"473",1999,"practically significant",3
"474",1999,"probably not significant",7
"475",1999,"probably not statistically significant",1
"476",1999,"probably significant",5
"477",1999,"questionably significant",1
"478",1999,"quite significant",54
"479",1999,"reached borderline significance",12
"480",1999,"reached near significance",1
"481",1999,"reasonably significant",2
"482",1999,"scarcely significant",1
"483",1999,"significant tendency",98
"484",1999,"significantly significant",6
"485",1999,"slight evidence of significance",1
"486",1999,"slight significance",1
"487",1999,"slightly insignificant",1
"488",1999,"slightly significant",13
"489",1999,"somewhat significant",2
"490",1999,"strong trend toward significance",2
"491",1999,"tended to be significant",25
"492",1999,"tended toward significance",8
"493",1999,"tendency toward significance",4
"494",1999,"tendency toward statistical significance",1
"495",1999,"trend bordering on statistical significance",1
"496",1999,"trend significance level",2
"497",1999,"trending towards significance",1
"498",1999,"uncertain significance",32
"499",1999,"very slightly significant",1
"500",1999,"weak significance",5
"501",1999,"weakened significance",1
"502",1999,"weakly significant",16
"503",2002,"a borderline significant trend",8
"504",2002,"a clear trend",146
"505",2002,"a decreasing trend",74
"506",2002,"a definite trend",20
"507",2002,"a favorable trend",21
"508",2002,"a marginal trend",9
"509",2002,"a marginal trend toward significance",1
"510",2002,"a marked trend",6
"511",2002,"a mild trend",4
"512",2002,"a near-significant trend",3
"513",2002,"a negative trend",18
"514",2002,"a nonsignificant trend",404
"515",2002,"a notable trend",9
"516",2002,"a numerical trend",15
"517",2002,"a positive trend",86
"518",2002,"a possible trend",18
"519",2002,"a pronounced trend",1
"520",2002,"a reliable trend",2
"521",2002,"a significant trend",119
"522",2002,"a slight trend",77
"523",2002,"a slight trend toward significance",1
"524",2002,"a slightly increasing trend",1
"525",2002,"a small trend",22
"526",2002,"a statistical trend",67
"527",2002,"a statistical trend toward significance",2
"528",2002,"a strong trend",180
"529",2002,"a strong trend toward significance",2
"530",2002,"a suggestive trend",2
"531",2002,"a very slight trend toward significance",1
"532",2002,"a weak trend",42
"533",2002,"a weak trend toward significance",3
"534",2002,"all but significant",823
"535",2002,"almost achieved significance",1
"536",2002,"almost insignificant",2
"537",2002,"almost reached statistical significance",27
"538",2002,"almost significant",85
"539",2002,"almost statistically significant",15
"540",2002,"an adverse trend",5
"541",2002,"an apparent trend",17
"542",2002,"an associative trend",1
"543",2002,"an encouraging trend",6
"544",2002,"an expected trend",3
"545",2002,"an important trend",6
"546",2002,"an increasing trend",82
"547",2002,"an interesting trend",14
"548",2002,"an obvious trend",13
"549",2002,"an overall trend",34
"550",2002,"an unexpected trend",3
"551",2002,"an unfavorable trend",2
"552",2002,"appeared to be marginally significant",1
"553",2002,"approached conventional levels of significance",4
"554",2002,"approached our criterion of significance",1
"555",2002,"approached significant",10
"556",2002,"approaches statistical significance",8
"557",2002,"approaching clinical significance",1
"558",2002,"approaching significance",86
"559",2002,"approximating significance",1
"560",2002,"arguably significant",1
"561",2002,"at the limit of significance",6
"562",2002,"at the margin of significance",1
"563",2002,"at the margin of statistical significance",2
"564",2002,"barely not statistically significant",1
"565",2002,"barely significant",15
"566",2002,"bordered on significant",1
"567",2002,"borderline level of statistical significance",1
"568",2002,"close to being significant",10
"569",2002,"close to the level of significance",3
"570",2002,"close to the limit of significance",2
"571",2002,"did not quite achieve significance",1
"572",2002,"did not quite reach statistical significance",46
"573",2002,"difference was apparent",47
"574",2002,"equivocal significance",1
"575",2002,"failed to reach statistical significance",287
"576",2002,"fairly significant",2
"577",2002,"fell just short of significance",11
"578",2002,"fell just short of statistical significance",10
"579",2002,"fell short of significance",44
"580",2002,"fell slightly short of significance",1
"581",2002,"just barely failed to reach significance",1
"582",2002,"just failed significance",1
"583",2002,"just failed to be significant",2
"584",2002,"just failed to reach statistical significance",30
"585",2002,"just failing to reach statistical significance",1
"586",2002,"just short of significance",14
"587",2002,"likely to be significant",56
"588",2002,"marginal significance",83
"589",2002,"marginally insignificant",3
"590",2002,"marginally nonsignificant",11
"591",2002,"marginally significant",842
"592",2002,"marginally significant tendency",1
"593",2002,"marginally statistically significant",29
"594",2002,"moderately significant",11
"595",2002,"modestly significant",7
"596",2002,"narrowly missed significance",3
"597",2002,"near significance",19
"598",2002,"near to statistical significance",1
"599",2002,"near-significant",52
"600",2002,"nearing significance",8
"601",2002,"nearly significant",173
"602",2002,"nominally significant",33
"603",2002,"not as significant",15
"604",2002,"not clearly significant",3
"605",2002,"not conventionally significant",3
"606",2002,"not formally significant",3
"607",2002,"not fully significant",1
"608",2002,"not highly significant",2
"609",2002,"not quite significant",37
"610",2002,"not strongly significant",2
"611",2002,"not that significant",1
"612",2002,"not very significant",5
"613",2002,"not yet significant",4
"614",2002,"on the border of significance",3
"615",2002,"on the borderline of significance",3
"616",2002,"on the threshold of significance",1
"617",2002,"only marginally significant",145
"618",2002,"only slightly significant",3
"619",2002,"partially significant",2
"620",2002,"partly significant",2
"621",2002,"possible significance",29
"622",2002,"possibly significant",12
"623",2002,"potentially significant",104
"624",2002,"practically significant",9
"625",2002,"probably not significant",6
"626",2002,"probably significant",9
"627",2002,"quite significant",69
"628",2002,"reached borderline significance",19
"629",2002,"reached near significance",3
"630",2002,"reasonably significant",2
"631",2002,"significant tendency",116
"632",2002,"significantly significant",7
"633",2002,"slightly missed being of statistical significance",1
"634",2002,"slightly significant",19
"635",2002,"strong trend toward significance",3
"636",2002,"suggestive of statistical significance",1
"637",2002,"suggestively significant",5
"638",2002,"tended to be significant",45
"639",2002,"tended toward significance",10
"640",2002,"tendency toward significance",11
"641",2002,"tendency toward statistical significance",2
"642",2002,"trending towards significance",3
"643",2002,"uncertain significance",27
"644",2002,"very close to significant",1
"645",2002,"very nearly significant",1
"646",2002,"weak significance",5
"647",2002,"weakened significance",1
"648",2002,"weakly significant",19
"649",2002,"weakly statistically significant",4
"650",2005,"a borderline significant trend",2
"651",2005,"a clear trend",162
"652",2005,"a decreasing trend",84
"653",2005,"a definite trend",20
"654",2005,"a favorable trend",31
"655",2005,"a marginal trend",10
"656",2005,"a marked trend",8
"657",2005,"a mild trend",4
"658",2005,"a near-significant trend",2
"659",2005,"a negative trend",24
"660",2005,"a nonsignificant trend",456
"661",2005,"a nonsignificant trend toward significance",1
"662",2005,"a notable trend",6
"663",2005,"a numerical trend",23
"664",2005,"a positive trend",101
"665",2005,"a possible trend",25
"666",2005,"a pronounced trend",3
"667",2005,"a significant trend",151
"668",2005,"a slight trend",117
"669",2005,"a small trend",21
"670",2005,"a statistical trend",121
"671",2005,"a statistical trend toward significance",2
"672",2005,"a strong trend",243
"673",2005,"a strong trend toward significance",1
"674",2005,"a suggestive trend",11
"675",2005,"a weak trend",49
"676",2005,"all but significant",873
"677",2005,"almost achieved significance",1
"678",2005,"almost approached significance",2
"679",2005,"almost attained significance",1
"680",2005,"almost became significant",1
"681",2005,"almost but not quite significant",1
"682",2005,"almost clinically significant",2
"683",2005,"almost insignificant",2
"684",2005,"almost reached statistical significance",30
"685",2005,"almost significant",130
"686",2005,"almost statistically significant",25
"687",2005,"an adverse trend",1
"688",2005,"an apparent trend",19
"689",2005,"an encouraging trend",2
"690",2005,"an established trend",1
"691",2005,"an evident trend",2
"692",2005,"an expected trend",2
"693",2005,"an important trend",7
"694",2005,"an increasing trend",104
"695",2005,"an interesting trend",15
"696",2005,"an observed trend",7
"697",2005,"an obvious trend",10
"698",2005,"an overall trend",48
"699",2005,"an unexpected trend",4
"700",2005,"an unexplained trend",1
"701",2005,"appeared to be marginally significant",2
"702",2005,"approached conventional levels of significance",5
"703",2005,"approached significant",2
"704",2005,"approaches statistical significance",5
"705",2005,"approaching marginal significance",1
"706",2005,"approaching significance",96
"707",2005,"approaching, but not reaching, significance",1
"708",2005,"arguably significant",1
"709",2005,"at the limit of significance",6
"710",2005,"at the margin of statistical significance",3
"711",2005,"barely significant",11
"712",2005,"bordered on being significant",1
"713",2005,"borderline conventional significance",1
"714",2005,"borderline level of statistical significance",1
"715",2005,"close to being significant",18
"716",2005,"close to the level of significance",2
"717",2005,"close to the limit of significance",1
"718",2005,"did not quite achieve significance",3
"719",2005,"did not quite reach statistical significance",45
"720",2005,"difference was apparent",60
"721",2005,"essentially significant",1
"722",2005,"failed to reach statistical significance",316
"723",2005,"fairly significant",7
"724",2005,"fell just short of significance",6
"725",2005,"fell just short of statistical significance",11
"726",2005,"fell short of significance",26
"727",2005,"in the verge of significance",1
"728",2005,"indeterminate significance",1
"729",2005,"just beyond significance",1
"730",2005,"just borderline significant",1
"731",2005,"just failed significance",5
"732",2005,"just failed to be significant",1
"733",2005,"just failed to reach statistical significance",30
"734",2005,"just marginally significant",1
"735",2005,"just missed being statistically significant",1
"736",2005,"just short of significance",9
"737",2005,"just shy of significance",1
"738",2005,"likely to be significant",53
"739",2005,"marginal significance",114
"740",2005,"marginally insignificant",2
"741",2005,"marginally nonsignificant",19
"742",2005,"marginally significant",949
"743",2005,"marginally significant tendency",6
"744",2005,"marginally statistically significant",40
"745",2005,"moderately significant",19
"746",2005,"modestly significant",7
"747",2005,"narrowly missed significance",3
"748",2005,"near significance",20
"749",2005,"near to statistical significance",1
"750",2005,"near-significant",54
"751",2005,"nearing significance",4
"752",2005,"nearly reaching the level of significance",1
"753",2005,"nearly significant",160
"754",2005,"nearly significant tendency",2
"755",2005,"nominally significant",64
"756",2005,"not as significant",18
"757",2005,"not clearly significant",1
"758",2005,"not conventionally significant",2
"759",2005,"not formally significant",2
"760",2005,"not globally significant",1
"761",2005,"not highly significant",2
"762",2005,"not quite significant",36
"763",2005,"not strictly significant",1
"764",2005,"not that significant",1
"765",2005,"not very significant",8
"766",2005,"not yet significant",4
"767",2005,"on the border of significance",2
"768",2005,"on the borderline of significance",6
"769",2005,"on the edge of significance",1
"770",2005,"on the margin of significance",2
"771",2005,"on the threshold of significance",2
"772",2005,"only marginally significant",165
"773",2005,"only slightly missed the significance level",1
"774",2005,"only slightly significant",2
"775",2005,"partially significant",1
"776",2005,"possible significance",38
"777",2005,"possibly significant",11
"778",2005,"possibly statistically significant",1
"779",2005,"potentially significant",135
"780",2005,"practically significant",14
"781",2005,"probably not significant",9
"782",2005,"probably significant",9
"783",2005,"questionably significant",2
"784",2005,"quite significant",80
"785",2005,"reached borderline significance",22
"786",2005,"reached near significance",4
"787",2005,"reasonably significant",1
"788",2005,"significant tendency",154
"789",2005,"significantly significant",12
"790",2005,"slightly outside the range of significance",1
"791",2005,"slightly significant",21
"792",2005,"somewhat significant",3
"793",2005,"strong trend toward significance",1
"794",2005,"suggestively significant",2
"795",2005,"tend to significant",3
"796",2005,"tended to be significant",44
"797",2005,"tended toward significance",10
"798",2005,"tendency toward significance",10
"799",2005,"tendency toward statistical significance",5
"800",2005,"trending towards significance",2
"801",2005,"uncertain significance",44
"802",2005,"very close to significant",2
"803",2005,"weak significance",4
"804",2005,"weakly significant",24
"805",2008,"a borderline significant trend",3
"806",2008,"a clear trend",175
"807",2008,"a decreasing trend",120
"808",2008,"a definite trend",11
"809",2008,"a favorable trend",36
"810",2008,"a marginal trend",11
"811",2008,"a marginal trend toward significance",1
"812",2008,"a marked trend",6
"813",2008,"a mild trend",7
"814",2008,"a near-significant trend",2
"815",2008,"a negative trend",37
"816",2008,"a nonsignificant trend",494
"817",2008,"a notable trend",6
"818",2008,"a numerical trend",17
"819",2008,"a positive trend",124
"820",2008,"a possible trend",38
"821",2008,"a possible trend toward significance",1
"822",2008,"a pronounced trend",3
"823",2008,"a reliable trend",1
"824",2008,"a significant trend",137
"825",2008,"a slight trend",100
"826",2008,"a slight trend toward significance",1
"827",2008,"a slightly increasing trend",2
"828",2008,"a small trend",29
"829",2008,"a statistical trend",105
"830",2008,"a statistical trend toward significance",1
"831",2008,"a strong trend",250
"832",2008,"a strong trend toward significance",7
"833",2008,"a suggestive trend",3
"834",2008,"a trend significance level",1
"835",2008,"a trend that approached significance",4
"836",2008,"a weak trend",48
"837",2008,"a worrying trend",1
"838",2008,"all but significant",812
"839",2008,"almost achieved significance",1
"840",2008,"almost clinically significant",2
"841",2008,"almost reached statistical significance",25
"842",2008,"almost significant",82
"843",2008,"almost statistically significant",13
"844",2008,"an adverse trend",5
"845",2008,"an apparent trend",24
"846",2008,"an encouraging trend",6
"847",2008,"an evident trend",2
"848",2008,"an expected trend",2
"849",2008,"an important trend",6
"850",2008,"an increasing trend",124
"851",2008,"an interesting trend",18
"852",2008,"an observed trend",13
"853",2008,"an obvious trend",4
"854",2008,"an overall trend",53
"855",2008,"an unexpected trend",3
"856",2008,"an unexplained trend",1
"857",2008,"an unfavorable trend",2
"858",2008,"approached conventional levels of significance",2
"859",2008,"approached our criterion of significance",1
"860",2008,"approached significant",6
"861",2008,"approaches statistical significance",7
"862",2008,"approaching but not reaching significance",2
"863",2008,"approaching significance",89
"864",2008,"at the limit of significance",8
"865",2008,"at the margin of significance",1
"866",2008,"at the margin of statistical significance",1
"867",2008,"barely insignificant",1
"868",2008,"barely missed statistical significance",3
"869",2008,"barely significant",15
"870",2008,"bordered on being significant",1
"871",2008,"bordered on significant",1
"872",2008,"borderline level of statistical significance",1
"873",2008,"close to being significant",12
"874",2008,"close to the level of significance",5
"875",2008,"close to the limit of significance",2
"876",2008,"did not quite reach a statistically significant level",1
"877",2008,"did not quite reach statistical significance",53
"878",2008,"difference was apparent",49
"879",2008,"failed to reach statistical significance",299
"880",2008,"fairly significant",12
"881",2008,"fell just short of significance",6
"882",2008,"fell just short of statistical significance",6
"883",2008,"fell short of significance",24
"884",2008,"fell slightly short of significance",1
"885",2008,"felt short of significance",2
"886",2008,"indeterminate significance",1
"887",2008,"just borderline significant",1
"888",2008,"just escaped significance",1
"889",2008,"just failed significance",2
"890",2008,"just failed to be significant",5
"891",2008,"just failed to reach statistical significance",15
"892",2008,"just failing to reach statistical significance",1
"893",2008,"just marginally significant",1
"894",2008,"just short of significance",8
"895",2008,"likely to be significant",45
"896",2008,"marginal significance",116
"897",2008,"marginally insignificant",10
"898",2008,"marginally nonsignificant",8
"899",2008,"marginally significant",941
"900",2008,"marginally statistically significant",32
"901",2008,"moderately significant",12
"902",2008,"modestly significant",6
"903",2008,"narrowly missed significance",5
"904",2008,"near significance",15
"905",2008,"near to statistical significance",1
"906",2008,"near-significant",68
"907",2008,"nearing significance",3
"908",2008,"nearly significant",173
"909",2008,"nominally significant",74
"910",2008,"not as significant",30
"911",2008,"not conventionally significant",2
"912",2008,"not entirely significant",1
"913",2008,"not formally significant",1
"914",2008,"not fully significant",1
"915",2008,"not highly significant",2
"916",2008,"not non-significant",1
"917",2008,"not quite reach the level of significance",1
"918",2008,"not quite significant",30
"919",2008,"not strictly significant",1
"920",2008,"not strongly significant",1
"921",2008,"not unequivocally significant",1
"922",2008,"not very significant",6
"923",2008,"not yet significant",4
"924",2008,"on the border of significance",4
"925",2008,"on the borderline of significance",3
"926",2008,"on the margin of significance",2
"927",2008,"on the threshold of significance",1
"928",2008,"on the verge of significance",1
"929",2008,"only just missed significance at the 5% level",1
"930",2008,"only marginally significant",133
"931",2008,"only slightly significant",1
"932",2008,"partial significance",1
"933",2008,"partially significant",2
"934",2008,"partly significant",2
"935",2008,"possible significance",24
"936",2008,"possibly significant",13
"937",2008,"possibly statistically significant",3
"938",2008,"potentially significant",124
"939",2008,"practically significant",20
"940",2008,"probably not significant",10
"941",2008,"probably not statistically significant",1
"942",2008,"probably significant",1
"943",2008,"quasi-significant",2
"944",2008,"quite significant",63
"945",2008,"rather marginal significance",1
"946",2008,"reached borderline significance",24
"947",2008,"reached near significance",1
"948",2008,"scarcely significant",2
"949",2008,"significant tendency",103
"950",2008,"significantly significant",16
"951",2008,"slight significance",1
"952",2008,"slightly missed statistical significance",1
"953",2008,"slightly significant",16
"954",2008,"somewhat significant",1
"955",2008,"strong trend toward significance",7
"956",2008,"suggestively significant",1
"957",2008,"tend to significant",3
"958",2008,"tended to be significant",19
"959",2008,"tended toward significance",8
"960",2008,"tendency toward significance",7
"961",2008,"tendency toward statistical significance",1
"962",2008,"trend significance level",1
"963",2008,"trending towards significance",3
"964",2008,"uncertain significance",43
"965",2008,"verged on being significant",1
"966",2008,"verging on significance",1
"967",2008,"very close to significant",2
"968",2008,"very nearly significant",2
"969",2008,"weak significance",1
"970",2008,"weakly significant",17
"971",2011,"a borderline significant trend",5
"972",2011,"a clear trend",215
"973",2011,"a decreasing trend",149
"974",2011,"a definite trend",9
"975",2011,"a favorable trend",40
"976",2011,"a marginal trend",14
"977",2011,"a marginal trend toward significance",1
"978",2011,"a marked trend",6
"979",2011,"a mild trend",2
"980",2011,"a near-significant trend",8
"981",2011,"a negative trend",32
"982",2011,"a nonsignificant trend",544
"983",2011,"a notable trend",8
"984",2011,"a numerical trend",34
"985",2011,"a positive trend",187
"986",2011,"a possible trend",31
"987",2011,"a pronounced trend",2
"988",2011,"a reliable trend",1
"989",2011,"a significant trend",161
"990",2011,"a slight trend",109
"991",2011,"a slightly increasing trend",6
"992",2011,"a small trend",25
"993",2011,"a statistical trend",132
"994",2011,"a strong trend",268
"995",2011,"a strong trend toward significance",4
"996",2011,"a suggestive trend",4
"997",2011,"a trend that approached significance",2
"998",2011,"a weak trend",45
"999",2011,"a worrying trend",2
"1000",2011,"all but significant",909
"1001",2011,"almost approached significance",1
"1002",2011,"almost clinically significant",2
"1003",2011,"almost insignificant",2
"1004",2011,"almost reached statistical significance",22
"1005",2011,"almost significant",103
"1006",2011,"almost statistically significant",17
"1007",2011,"an adverse trend",4
"1008",2011,"an apparent trend",21
"1009",2011,"an associative trend",1
"1010",2011,"an encouraging trend",4
"1011",2011,"an evident trend",1
"1012",2011,"an expected trend",4
"1013",2011,"an important trend",11
"1014",2011,"an increasing trend",179
"1015",2011,"an interesting trend",15
"1016",2011,"an observed trend",8
"1017",2011,"an obvious trend",13
"1018",2011,"an overall trend",64
"1019",2011,"an unexpected trend",9
"1020",2011,"an unexplained trend",1
"1021",2011,"an unfavorable trend",3
"1022",2011,"appeared to be marginally significant",1
"1023",2011,"approached conventional levels of significance",3
"1024",2011,"approached significant",8
"1025",2011,"approaches statistical significance",3
"1026",2011,"approaching clinical significance",2
"1027",2011,"approaching significance",133
"1028",2011,"approximately significant",2
"1029",2011,"at the limit of significance",6
"1030",2011,"at the limits of significance",1
"1031",2011,"at the margin of statistical significance",3
"1032",2011,"barely missed statistical significance",1
"1033",2011,"barely significant",21
"1034",2011,"better trends of improvement",1
"1035",2011,"bordered on being significant",1
"1036",2011,"borderline level of statistical significance",1
"1037",2011,"borderline significant trends",1
"1038",2011,"close to being significant",12
"1039",2011,"close to the level of significance",1
"1040",2011,"did not quite achieve significance",1
"1041",2011,"did not quite reach statistical significance",39
"1042",2011,"difference was apparent",41
"1043",2011,"effectively significant",2
"1044",2011,"equivocal significance",2
"1045",2011,"failed to reach statistical significance",384
"1046",2011,"fairly significant",4
"1047",2011,"fell just short of significance",4
"1048",2011,"fell just short of statistical significance",12
"1049",2011,"fell narrowly short of significance",1
"1050",2011,"fell short of significance",26
"1051",2011,"indicative significance",1
"1052",2011,"just failed significance",1
"1053",2011,"just failed to be significant",1
"1054",2011,"just failed to reach statistical significance",21
"1055",2011,"just failing to reach statistical significance",1
"1056",2011,"just marginally significant",2
"1057",2011,"just missed being statistically significant",1
"1058",2011,"just short of significance",12
"1059",2011,"leaning towards significance",2
"1060",2011,"likely to be significant",57
"1061",2011,"marginal significance",136
"1062",2011,"marginally insignificant",12
"1063",2011,"marginally nonsignificant",17
"1064",2011,"marginally significant",1253
"1065",2011,"marginally statistically significant",57
"1066",2011,"moderately significant",17
"1067",2011,"modestly significant",9
"1068",2011,"narrowly escaped significance",1
"1069",2011,"narrowly missed significance",4
"1070",2011,"narrowly missed the significance level",1
"1071",2011,"near nominal significance",1
"1072",2011,"near significance",26
"1073",2011,"near to statistical significance",4
"1074",2011,"near-marginal significance",1
"1075",2011,"near-significant",101
"1076",2011,"nearing significance",11
"1077",2011,"nearly significant",210
"1078",2011,"nominally significant",130
"1079",2011,"not as significant",26
"1080",2011,"not formally significant",3
"1081",2011,"not fully significant",3
"1082",2011,"not highly significant",1
"1083",2011,"not quite significant",34
"1084",2011,"not strictly significant",1
"1085",2011,"not strongly significant",1
"1086",2011,"not that significant",3
"1087",2011,"not very significant",4
"1088",2011,"not yet significant",7
"1089",2011,"on the borderline of significance",2
"1090",2011,"on the margin of significance",1
"1091",2011,"on the threshold of significance",1
"1092",2011,"on the verge of significance",1
"1093",2011,"only marginally significant",175
"1094",2011,"only slightly significant",3
"1095",2011,"partially significant",4
"1096",2011,"partly significant",5
"1097",2011,"possible significance",30
"1098",2011,"possibly significant",18
"1099",2011,"potentially significant",179
"1100",2011,"practically significant",30
"1101",2011,"probably not significant",2
"1102",2011,"probably not statistically significant",1
"1103",2011,"probably significant",5
"1104",2011,"questionably significant",1
"1105",2011,"quite significant",74
"1106",2011,"reached borderline significance",33
"1107",2011,"reasonably significant",3
"1108",2011,"scarcely significant",1
"1109",2011,"significant tendency",127
"1110",2011,"significantly significant",12
"1111",2011,"slight significance",1
"1112",2011,"slightly insignificant",2
"1113",2011,"slightly significant",27
"1114",2011,"somewhat significant",2
"1115",2011,"strong trend toward significance",4
"1116",2011,"suggestive of statistical significance",3
"1117",2011,"suggestively significant",2
"1118",2011,"tend to significant",3
"1119",2011,"tended to be significant",41
"1120",2011,"tended toward significance",5
"1121",2011,"tendency toward significance",12
"1122",2011,"tendency toward statistical significance",3
"1123",2011,"trend significance level",2
"1124",2011,"trending towards significance",11
"1125",2011,"uncertain significance",35
"1126",2011,"verging on significance",1
"1127",2011,"very close to significant",1
"1128",2011,"very nearly significant",1
"1129",2011,"virtually significant",1
"1130",2011,"weak significance",3
"1131",2011,"weakly significant",11
"1132",2011,"weakly statistically significant",1
"1133",2014,"a borderline significant trend",8
"1134",2014,"a clear trend",219
"1135",2014,"a decreasing trend",176
"1136",2014,"a definite trend",4
"1137",2014,"a favorable trend",42
"1138",2014,"a marginal trend",16
"1139",2014,"a marginal trend toward significance",4
"1140",2014,"a marked trend",7
"1141",2014,"a mild trend",5
"1142",2014,"a near-significant trend",8
"1143",2014,"a negative trend",41
"1144",2014,"a nonsignificant trend",533
"1145",2014,"a notable trend",13
"1146",2014,"a numerical trend",39
"1147",2014,"a positive trend",196
"1148",2014,"a possible trend",33
"1149",2014,"a pronounced trend",3
"1150",2014,"a reliable trend",2
"1151",2014,"a robust trend toward significance",1
"1152",2014,"a significant trend",172
"1153",2014,"a slight trend",118
"1154",2014,"a slight trend toward significance",1
"1155",2014,"a slightly increasing trend",2
"1156",2014,"a small trend",20
"1157",2014,"a statistical trend",142
"1158",2014,"a statistical trend toward significance",2
"1159",2014,"a strong trend",238
"1160",2014,"a strong trend toward significance",2
"1161",2014,"a suggestive trend",4
"1162",2014,"a trend that approached significance",1
"1163",2014,"a weak trend",49
"1164",2014,"a weak trend toward significance",1
"1165",2014,"a worrying trend",3
"1166",2014,"all but significant",922
"1167",2014,"almost clinically significant",1
"1168",2014,"almost reached statistical significance",34
"1169",2014,"almost significant",115
"1170",2014,"almost significant tendency",1
"1171",2014,"almost statistically significant",14
"1172",2014,"an apparent trend",13
"1173",2014,"an elevated trend",1
"1174",2014,"an encouraging trend",11
"1175",2014,"an evident trend",2
"1176",2014,"an expected trend",3
"1177",2014,"an important trend",8
"1178",2014,"an increasing trend",252
"1179",2014,"an interesting trend",26
"1180",2014,"an observed trend",7
"1181",2014,"an obvious trend",7
"1182",2014,"an overall trend",83
"1183",2014,"an unexpected trend",8
"1184",2014,"an unfavorable trend",4
"1185",2014,"appeared to be marginally significant",1
"1186",2014,"approached conventional levels of significance",2
"1187",2014,"approached significant",12
"1188",2014,"approaches statistical significance",5
"1189",2014,"approaching borderline significance",1
"1190",2014,"approaching clinical significance",1
"1191",2014,"approaching significance",125
"1192",2014,"approximately significant",1
"1193",2014,"at the edge of significance",2
"1194",2014,"at the limit of significance",8
"1195",2014,"at the margin of statistical significance",1
"1196",2014,"barely missed statistical significance",4
"1197",2014,"barely significant",13
"1198",2014,"better trends of improvement",1
"1199",2014,"borderline level of statistical significance",1
"1200",2014,"borderline significant trends",1
"1201",2014,"close to being significant",5
"1202",2014,"close to the level of significance",1
"1203",2014,"close to the limit of significance",1
"1204",2014,"close to the margin of statistical significance",1
"1205",2014,"did not quite reach a statistically significant level",1
"1206",2014,"did not quite reach conventional levels of statistical significance",1
"1207",2014,"did not quite reach statistical significance",24
"1208",2014,"difference was apparent",42
"1209",2014,"equivocal significance",1
"1210",2014,"failed to reach significance on this occasion",1
"1211",2014,"failed to reach statistical significance",287
"1212",2014,"fairly close to significance",1
"1213",2014,"fairly significant",4
"1214",2014,"fell just short of significance",6
"1215",2014,"fell just short of statistical significance",6
"1216",2014,"fell short of significance",31
"1217",2014,"indicative significance",1
"1218",2014,"just beyond significance",1
"1219",2014,"just borderline significant",1
"1220",2014,"just failed significance",1
"1221",2014,"just failed to be significant",1
"1222",2014,"just failed to reach statistical significance",20
"1223",2014,"just failing to reach statistical significance",1
"1224",2014,"just missing significance",1
"1225",2014,"just short of significance",10
"1226",2014,"likely to be significant",59
"1227",2014,"marginal significance",142
"1228",2014,"marginally insignificant",8
"1229",2014,"marginally nonsignificant",17
"1230",2014,"marginally significant",1330
"1231",2014,"marginally significant tendency",3
"1232",2014,"marginally statistically significant",51
"1233",2014,"moderately significant",31
"1234",2014,"modestly significant",6
"1235",2014,"narrowly missed significance",2
"1236",2014,"near significance",21
"1237",2014,"near to statistical significance",1
"1238",2014,"near-significant",88
"1239",2014,"nearing significance",12
"1240",2014,"nearly significant",182
"1241",2014,"nominally significant",180
"1242",2014,"not as significant",29
"1243",2014,"not completely significant",1
"1244",2014,"not conventionally significant",2
"1245",2014,"not formally significant",2
"1246",2014,"not fully significant",2
"1247",2014,"not quite reach the level of significance",1
"1248",2014,"not quite significant",27
"1249",2014,"not significant by conventional standards",1
"1250",2014,"not strictly significant",1
"1251",2014,"not strongly significant",1
"1252",2014,"not that significant",1
"1253",2014,"not very significant",5
"1254",2014,"not yet significant",3
"1255",2014,"on the border of significance",2
"1256",2014,"on the borderline of significance",5
"1257",2014,"on the cusp of significance",2
"1258",2014,"on the edge of significance",1
"1259",2014,"on the threshold of significance",1
"1260",2014,"only marginally significant",187
"1261",2014,"only slightly significant",2
"1262",2014,"partially significant",5
"1263",2014,"partly significant",3
"1264",2014,"possible significance",15
"1265",2014,"possibly significant",9
"1266",2014,"potentially significant",197
"1267",2014,"practically significant",26
"1268",2014,"probably not significant",6
"1269",2014,"probably not statistically significant",3
"1270",2014,"probably significant",6
"1271",2014,"quasi-significant",6
"1272",2014,"quite significant",57
"1273",2014,"reached borderline significance",20
"1274",2014,"reached near significance",1
"1275",2014,"reasonably significant",3
"1276",2014,"significant tendency",128
"1277",2014,"significant to some degree",1
"1278",2014,"significantly significant",17
"1279",2014,"slightly significant",33
"1280",2014,"strong trend toward significance",2
"1281",2014,"tend to significant",6
"1282",2014,"tended to be significant",47
"1283",2014,"tended toward significance",1
"1284",2014,"tendency toward significance",13
"1285",2014,"tendency toward statistical significance",4
"1286",2014,"trend bordering on statistical significance",1
"1287",2014,"trend significance level",1
"1288",2014,"trending towards significance",20
"1289",2014,"trending towards significant",3
"1290",2014,"uncertain significance",59
"1291",2014,"verging on significance",1
"1292",2014,"very close to significant",3
"1293",2014,"very narrowly missed significance",1
"1294",2014,"weak significance",4
"1295",2014,"weakly significant",20
"1296",2017,"a borderline significant trend",11
"1297",2017,"a certain trend toward significance",1
"1298",2017,"a clear trend",177
"1299",2017,"a decreasing trend",248
"1300",2017,"a definite trend",8
"1301",2017,"a distinct trend toward significance",3
"1302",2017,"a favorable trend",26
"1303",2017,"a marginal trend",20
"1304",2017,"a marginal trend toward significance",1
"1305",2017,"a marked trend",10
"1306",2017,"a mild trend",5
"1307",2017,"a near-significant trend",5
"1308",2017,"a negative trend",28
"1309",2017,"a nonsignificant trend",350
"1310",2017,"a notable trend",10
"1311",2017,"a numerical increasing trend",2
"1312",2017,"a numerical trend",34
"1313",2017,"a positive trend",187
"1314",2017,"a possible trend",35
"1315",2017,"a pronounced trend",1
"1316",2017,"a reliable trend",1
"1317",2017,"a significant trend",119
"1318",2017,"a slight trend",90
"1319",2017,"a slightly increasing trend",6
"1320",2017,"a small trend",25
"1321",2017,"a statistical trend",131
"1322",2017,"a statistical trend toward significance",1
"1323",2017,"a strong trend",185
"1324",2017,"a strong trend toward significance",3
"1325",2017,"a substantial trend toward significance",1
"1326",2017,"a suggestive trend",2
"1327",2017,"a trend close to significance",1
"1328",2017,"a weak trend",27
"1329",2017,"a weak trend toward significance",1
"1330",2017,"a worrying trend",1
"1331",2017,"all but significant",790
"1332",2017,"almost achieved significance",1
"1333",2017,"almost attained significance",1
"1334",2017,"almost insignificant",2
"1335",2017,"almost reached statistical significance",24
"1336",2017,"almost significant",71
"1337",2017,"almost statistically significant",10
"1338",2017,"an adverse trend",1
"1339",2017,"an apparent trend",17
"1340",2017,"an associative trend",1
"1341",2017,"an elevated trend",1
"1342",2017,"an encouraging trend",4
"1343",2017,"an evident trend",4
"1344",2017,"an expected trend",1
"1345",2017,"an important trend",5
"1346",2017,"an increasing trend",297
"1347",2017,"an interesting trend",13
"1348",2017,"an observed trend",5
"1349",2017,"an obvious trend",5
"1350",2017,"an overall trend",68
"1351",2017,"an unexpected trend",5
"1352",2017,"an unexplained trend",2
"1353",2017,"an unfavorable trend",1
"1354",2017,"appeared to be marginally significant",1
"1355",2017,"approached but fell short of significance",1
"1356",2017,"approached significant",8
"1357",2017,"approaches statistical significance",3
"1358",2017,"approaching clinical significance",4
"1359",2017,"approaching conventional statistical significance",1
"1360",2017,"approaching significance",127
"1361",2017,"arguably significant",1
"1362",2017,"at the edge of significance",2
"1363",2017,"at the limit of significance",9
"1364",2017,"at the margin of statistical significance",1
"1365",2017,"barely missed statistical significance",1
"1366",2017,"barely significant",15
"1367",2017,"better trends of improvement",1
"1368",2017,"borderline level of statistical significance",2
"1369",2017,"close to being significant",13
"1370",2017,"close to the level of significance",2
"1371",2017,"close to the limit of significance",2
"1372",2017,"closely significant",2
"1373",2017,"did not quite reach statistical significance",31
"1374",2017,"difference was apparent",25
"1375",2017,"failed to reach statistical significance",231
"1376",2017,"fairly close to significance",1
"1377",2017,"fairly significant",2
"1378",2017,"fell just short of significance",3
"1379",2017,"fell just short of statistical significance",7
"1380",2017,"fell short of significance",28
"1381",2017,"fell slightly short of significance",1
"1382",2017,"felt short of significance",1
"1383",2017,"indeterminate significance",2
"1384",2017,"just borderline significant",1
"1385",2017,"just failed significance",1
"1386",2017,"just failed to be significant",1
"1387",2017,"just failed to reach statistical significance",7
"1388",2017,"just failing to reach statistical significance",2
"1389",2017,"just missing significance",2
"1390",2017,"just outside the bounds of significance",1
"1391",2017,"just outside the level of significance",1
"1392",2017,"just over the limits of statistical significance",1
"1393",2017,"just short of significance",12
"1394",2017,"just shy of significance",1
"1395",2017,"likely to be significant",50
"1396",2017,"marginal significance",114
"1397",2017,"marginally insignificant",10
"1398",2017,"marginally nonsignificant",14
"1399",2017,"marginally significant",953
"1400",2017,"marginally significant tendency",1
"1401",2017,"marginally statistically significant",46
"1402",2017,"moderately significant",27
"1403",2017,"modestly significant",7
"1404",2017,"narrowly failed significance",1
"1405",2017,"narrowly missed significance",3
"1406",2017,"near significance",20
"1407",2017,"near-significant",74
"1408",2017,"nearing significance",11
"1409",2017,"nearly significant",122
"1410",2017,"nearly significant tendency",1
"1411",2017,"nominally significant",194
"1412",2017,"not as significant",30
"1413",2017,"not formally significant",3
"1414",2017,"not highly significant",4
"1415",2017,"not overly significant",1
"1416",2017,"not quite reach the level of significance",2
"1417",2017,"not quite significant",11
"1418",2017,"not significant by conventional standards",1
"1419",2017,"not strictly significant",2
"1420",2017,"not strongly significant",2
"1421",2017,"not that significant",2
"1422",2017,"not very significant",6
"1423",2017,"not yet significant",4
"1424",2017,"on the borderline of significance",1
"1425",2017,"on the cusp of significance",2
"1426",2017,"on the edge of significance",1
"1427",2017,"on the margin of significance",1
"1428",2017,"on the threshold of significance",1
"1429",2017,"only marginally significant",112
"1430",2017,"only slightly missed the level of significance",1
"1431",2017,"only slightly significant",1
"1432",2017,"partially significant",6
"1433",2017,"partly significant",1
"1434",2017,"possible significance",23
"1435",2017,"possibly significant",7
"1436",2017,"potentially significant",172
"1437",2017,"practically significant",21
"1438",2017,"probably not significant",1
"1439",2017,"probably significant",7
"1440",2017,"questionably significant",1
"1441",2017,"quite significant",45
"1442",2017,"reached borderline significance",13
"1443",2017,"reached near significance",3
"1444",2017,"reasonably significant",2
"1445",2017,"significant tendency",110
"1446",2017,"significantly significant",14
"1447",2017,"slight significance",2
"1448",2017,"slightly significant",29
"1449",2017,"somewhat significant",1
"1450",2017,"strong trend toward significance",3
"1451",2017,"suggestive of statistical significance",1
"1452",2017,"suggestively significant",1
"1453",2017,"technically not significant",1
"1454",2017,"tend to significant",3
"1455",2017,"tended to approach significance",1
"1456",2017,"tended to be significant",41
"1457",2017,"tended toward significance",8
"1458",2017,"tendency toward significance",4
"1459",2017,"tendency toward statistical significance",1
"1460",2017,"trend in the direction of significance",1
"1461",2017,"trend significance level",1
"1462",2017,"trending towards significance",25
"1463",2017,"trending towards significant",1
"1464",2017,"uncertain significance",100
"1465",2017,"very close to significant",3
"1466",2017,"very nearly significant",2
"1467",2017,"virtually significant",1
"1468",2017,"weak significance",4
"1469",2017,"weakly significant",18
"1470",2020,"a clear trend",4
"1471",2020,"a decreasing trend",6
"1472",2020,"a definite trend",1
"1473",2020,"a favorable trend",1
"1474",2020,"a marginal trend",1
"1475",2020,"a marginal trend toward significance",1
"1476",2020,"a negative trend",2
"1477",2020,"a nonsignificant trend",10
"1478",2020,"a notable trend",1
"1479",2020,"a numerical trend",2
"1480",2020,"a positive trend",8
"1481",2020,"a significant trend",4
"1482",2020,"a slight trend",4
"1483",2020,"a statistical trend",4
"1484",2020,"a strong trend",7
"1485",2020,"a weak trend",1
"1486",2020,"all but significant",22
"1487",2020,"almost reached statistical significance",2
"1488",2020,"almost significant",5
"1489",2020,"an apparent trend",1
"1490",2020,"an increasing trend",12
"1491",2020,"an observed trend",1
"1492",2020,"an overall trend",3
"1493",2020,"approached significant",1
"1494",2020,"approaching significance",5
"1495",2020,"borderline significant trends",1
"1496",2020,"closely significant",1
"1497",2020,"did not quite reach statistical significance",2
"1498",2020,"failed to reach statistical significance",8
"1499",2020,"fell just short of statistical significance",2
"1500",2020,"likely to be significant",2
"1501",2020,"marginal significance",2
"1502",2020,"marginally significant",33
"1503",2020,"nearly significant",4
"1504",2020,"nominally significant",7
"1505",2020,"not as significant",1
"1506",2020,"on the edge of significance",1
"1507",2020,"only marginally significant",6
"1508",2020,"potentially significant",7
"1509",2020,"probably significant",1
"1510",2020,"quite significant",1
"1511",2020,"significant tendency",5
"1512",2020,"tended to be significant",4
"1513",2020,"tendency toward significance",1
"1514",2020,"uncertain significance",5
